vol0000,0
vol0001,0
vol0002,0
vol0003,0
vol0004,0
vol0005,0
vol0006,0
vol0007,0
vol0008,0
vol0009,0
vol0010,0
vol0011,0
vol0012,0
vol0013,0
vol0014,0
vol0015,0
vol0016,0
vol0017,0
vol0018,0
vol0019,0
vol0020,0
vol0021,0
vol0022,0
vol0023,0
vol0024,0
vol0025,0
vol0026,0
vol0027,0
vol0028,0
vol0029,0
vol0030,0
vol0031,0
vol0032,0
vol0033,0
vol0034,0
vol0035,0
vol0036,0
vol0037,0
vol0038,0
vol0039,0
vol0040,0
vol0041,0
vol0042,0
vol0043,0
vol0044,0
vol0045,0
vol0046,0
vol0047,0
vol0048,0
vol0049,0
vol0050,0
vol0051,0
vol0052,0
vol0053,0
vol0054,0
vol0055,0
vol0056,0
vol0057,0
vol0058,0
vol0059,0
vol0060,0
vol0061,0
vol0062,0
vol0063,0
vol0064,0
vol0065,0
vol0066,0
vol0067,0
vol0068,0
vol0069,0
vol0070,0
vol0071,0
vol0072,0
vol0073,0
vol0074,0
vol0075,0
vol0076,0
vol0077,0
vol0078,0
vol0079,0
vol0080,0
vol0081,0
vol0082,0
vol0083,0
vol0084,0
vol0085,0
vol0086,0
vol0087,0
vol0088,0
vol0089,0
vol0090,0
vol0091,0
vol0092,0
vol0093,0
vol0094,0
vol0095,0
vol0096,0
vol0097,0
vol0098,0
vol0099,0
vol0100,0
vol0101,0
vol0102,0
vol0103,0
vol0104,0
vol0105,0
vol0106,0
vol0107,0
vol0108,0
vol0109,0
vol0110,0
vol0111,0
vol0112,0
vol0113,0
vol0114,0
vol0115,0
vol0116,0
vol0117,0
vol0118,0
vol0119,0
vol0120,0
vol0121,0
vol0122,0
vol0123,0
vol0124,0
vol0125,0
vol0126,0
vol0127,0
vol0128,0
vol0129,0
vol0130,0
vol0131,0
vol0132,0
vol0133,0
vol0134,0
vol0135,0
vol0136,0
vol0137,0
vol0138,0
vol0139,0
vol0140,0
vol0141,0
vol0142,0
vol0143,0
vol0144,0
vol0145,0
vol0146,0
vol0147,0
vol0148,0
vol0149,0
vol0150,0
vol0151,0
vol0152,0
vol0153,0
vol0154,0
vol0155,0
vol0156,0
vol0157,0
vol0158,0
vol0159,0
vol0160,0
vol0161,0
vol0162,0
vol0163,0
vol0164,0
vol0165,0
vol0166,0
vol0167,0
vol0168,0
vol0169,0
vol0170,0
vol0171,0
vol0172,0
vol0173,0
vol0174,0
vol0175,0
vol0176,0
vol0177,0
vol0178,0
vol0179,0
vol0180,0
vol0181,0
vol0182,0
vol0183,0
vol0184,0
vol0185,0
vol0186,0
vol0187,0
vol0188,0
vol0189,0
vol0190,0
vol0191,0
vol0192,0
vol0193,0
vol0194,0
vol0195,0
vol0196,0
vol0197,0
vol0198,0
vol0199,0
vol0200,0
vol0201,0
vol0202,0
vol0203,0
vol0204,0
vol0205,0
vol0206,0
vol0207,0
vol0208,0
vol0209,0
vol0210,0
vol0211,0
vol0212,0
vol0213,0
vol0214,0
vol0215,0
vol0216,0
vol0217,0
vol0218,0
vol0219,0
vol0220,0
vol0221,0
vol0222,0
vol0223,0
vol0224,0
vol0225,0
vol0226,0
vol0227,0
vol0228,0
vol0229,0
vol0230,0
vol0231,0
vol0232,0
vol0233,0
vol0234,0
vol0235,0
vol0236,0
vol0237,0
vol0238,0
vol0239,0
vol0240,0
vol0241,0
vol0242,0
vol0243,0
vol0244,0
vol0245,0
vol0246,0
vol0247,0
vol0248,0
vol0249,0
vol0250,0
vol0251,0
vol0252,0
vol0253,0
vol0254,0
vol0255,0
vol0256,0
vol0257,0
vol0258,0
vol0259,0
vol0260,0
vol0261,0
vol0262,0
vol0263,0
vol0264,0
vol0265,0
vol0266,0
vol0267,0
vol0268,0
vol0269,0
vol0270,0
vol0271,0
vol0272,0
vol0273,0
vol0274,0
vol0275,0
vol0276,0
vol0277,0
vol0278,0
vol0279,0
vol0280,0
vol0281,0
vol0282,0
vol0283,0
vol0284,0
vol0285,0
vol0286,0
vol0287,0
vol0288,0
vol0289,0
vol0290,0
vol0291,0
vol0292,0
vol0293,0
vol0294,0
vol0295,0
vol0296,0
vol0297,0
vol0298,0
vol0299,0
vol0300,0
vol0301,0
vol0302,0
vol0303,0
vol0304,0
vol0305,0
vol0306,0
vol0307,0
vol0308,0
vol0309,0
vol0310,0
vol0311,0
vol0312,0
vol0313,0
vol0314,0
vol0315,0
vol0316,0
vol0317,0
vol0318,0
vol0319,0
vol0320,0
vol0321,0
vol0322,0
vol0323,0
vol0324,0
vol0325,0
vol0326,0
vol0327,0
vol0328,0
vol0329,0
vol0330,0
vol0331,0
vol0332,0
vol0333,0
vol0334,0
vol0335,0
vol0336,0
vol0337,0
vol0338,0
vol0339,0
vol0340,0
vol0341,0
vol0342,0
vol0343,0
vol0344,0
vol0345,0
vol0346,0
vol0347,0
vol0348,0
vol0349,0
vol0350,0
vol0351,0
vol0352,0
vol0353,0
vol0354,0
vol0355,0
vol0356,0
vol0357,0
vol0358,0
vol0359,0
vol0360,0
vol0361,0
vol0362,0
vol0363,0
vol0364,0
vol0365,0
vol0366,0
vol0367,0
vol0368,0
vol0369,0
vol0370,0
vol0371,0
vol0372,0
vol0373,0
vol0374,0
vol0375,0
vol0376,0
vol0377,0
vol0378,0
vol0379,0
vol0380,0
vol0381,0
vol0382,0
vol0383,0
vol0384,0
vol0385,0
vol0386,0
vol0387,0
vol0388,0
vol0389,0
vol0390,0
vol0391,0
vol0392,0
vol0393,0
vol0394,0
vol0395,0
vol0396,0
vol0397,0
vol0398,0
vol0399,0
vol0400,0
vol0401,0
vol0402,0
vol0403,0
vol0404,0
vol0405,0
vol0406,0
vol0407,0
vol0408,0
vol0409,0
vol0410,0
vol0411,0
vol0412,0
vol0413,0
vol0414,0
vol0415,0
vol0416,0
vol0417,0
vol0418,0
vol0419,0
vol0420,0
vol0421,0
vol0422,0
vol0423,0
vol0424,0
vol0425,0
vol0426,0
vol0427,0
vol0428,0
vol0429,0
vol0430,0
vol0431,0
vol0432,0
vol0433,0
vol0434,0
vol0435,0
vol0436,0
vol0437,0
vol0438,0
vol0439,0
vol0440,0
vol0441,0
vol0442,0
vol0443,0
vol0444,0
vol0445,0
vol0446,0
vol0447,0
vol0448,0
vol0449,0
vol0450,0
vol0451,0
vol0452,0
vol0453,0
vol0454,0
vol0455,0
vol0456,0
vol0457,0
vol0458,0
vol0459,0
vol0460,0
vol0461,0
vol0462,0
vol0463,0
vol0464,0
vol0465,0
vol0466,0
vol0467,0
vol0468,0
vol0469,0
vol0470,0
vol0471,0
vol0472,0
vol0473,0
vol0474,0
vol0475,0
vol0476,0
vol0477,0
vol0478,0
vol0479,0
vol0480,0
vol0481,0
vol0482,0
vol0483,0
vol0484,0
vol0485,0
vol0486,0
vol0487,0
vol0488,0
vol0489,0
vol0490,0
vol0491,0
vol0492,0
vol0493,0
vol0494,0
vol0495,0
vol0496,0
vol0497,0
vol0498,0
vol0499,0
vol0500,0
vol0501,0
vol0502,0
vol0503,0
vol0504,0
vol0505,0
vol0506,0
vol0507,0
vol0508,0
vol0509,0
vol0510,0
vol0511,0
vol0512,0
vol0513,0
vol0514,0
vol0515,0
vol0516,0
vol0517,0
vol0518,0
vol0519,0
vol0520,0
vol0521,0
vol0522,0
vol0523,0
vol0524,0
vol0525,0
vol0526,0
vol0527,0
vol0528,0
vol0529,0
vol0530,0
vol0531,0
vol0532,0
vol0533,0
vol0534,0
vol0535,0
vol0536,0
vol0537,0
vol0538,0
vol0539,0
vol0540,0
vol0541,0
vol0542,0
vol0543,0
vol0544,0
vol0545,0
vol0546,0
vol0547,0
vol0548,0
vol0549,0
vol0550,0
vol0551,0
vol0552,0
vol0553,0
vol0554,0
vol0555,0
vol0556,0
vol0557,0
vol0558,0
vol0559,0
vol0560,0
vol0561,0
vol0562,0
vol0563,0
vol0564,0
vol0565,0
vol0566,0
vol0567,0
vol0568,0
vol0569,0
vol0570,0
vol0571,0
vol0572,0
vol0573,0
vol0574,0
vol0575,0
vol0576,0
vol0577,0
vol0578,0
vol0579,0
vol0580,0
vol0581,0
vol0582,0
vol0583,0
vol0584,0
vol0585,0
vol0586,0
vol0587,0
vol0588,0
vol0589,0
vol0590,0
vol0591,0
vol0592,0
vol0593,0
vol0594,0
vol0595,0
vol0596,0
vol0597,0
vol0598,0
vol0599,0
vol0600,0
vol0601,0
vol0602,0
vol0603,0
vol0604,0
vol0605,0
vol0606,0
vol0607,0
vol0608,0
vol0609,0
vol0610,0
vol0611,0
vol0612,0
vol0613,0
vol0614,0
vol0615,0
vol0616,0
vol0617,0
vol0618,0
vol0619,0
vol0620,0
vol0621,0
vol0622,0
vol0623,0
vol0624,0
vol0625,0
vol0626,0
vol0627,0
vol0628,0
vol0629,0
vol0630,0
vol0631,0
vol0632,0
vol0633,0
vol0634,0
vol0635,0
vol0636,0
vol0637,0
vol0638,0
vol0639,0
vol0640,0
vol0641,0
vol0642,0
vol0643,0
vol0644,0
vol0645,0
vol0646,0
vol0647,0
vol0648,0
vol0649,0
vol0650,0
vol0651,0
vol0652,0
vol0653,0
vol0654,0
vol0655,0
vol0656,0
vol0657,0
vol0658,0
vol0659,0
vol0660,0
vol0661,0
vol0662,0
vol0663,0
vol0664,0
vol0665,0
vol0666,0
vol0667,0
vol0668,0
vol0669,0
vol0670,0
vol0671,0
vol0672,0
vol0673,0
vol0674,0
vol0675,0
vol0676,0
vol0677,0
vol0678,0
vol0679,0
vol0680,0
vol0681,0
vol0682,0
vol0683,0
vol0684,0
vol0685,0
vol0686,0
vol0687,0
vol0688,0
vol0689,0
vol0690,0
vol0691,0
vol0692,0
vol0693,0
vol0694,0
vol0695,0
vol0696,0
vol0697,0
vol0698,0
vol0699,0
vol0700,0
vol0701,0
vol0702,0
vol0703,0
vol0704,0
vol0705,0
vol0706,0
vol0707,0
vol0708,0
vol0709,0
vol0710,0
vol0711,0
vol0712,0
vol0713,0
vol0714,0
vol0715,0
vol0716,0
vol0717,0
vol0718,0
vol0719,0
vol0720,0
vol0721,0
vol0722,0
vol0723,0
vol0724,0
vol0725,0
vol0726,0
vol0727,0
vol0728,0
vol0729,0
vol0730,0
vol0731,0
vol0732,0
vol0733,0
vol0734,0
vol0735,0
vol0736,0
vol0737,0
vol0738,0
vol0739,0
vol0740,0
vol0741,0
vol0742,0
vol0743,0
vol0744,0
vol0745,0
vol0746,0
vol0747,0
vol0748,0
vol0749,0
vol0750,0
vol0751,0
vol0752,0
vol0753,0
vol0754,0
vol0755,0
vol0756,0
vol0757,0
vol0758,0
vol0759,0
vol0760,0
vol0761,0
vol0762,0
vol0763,0
vol0764,0
vol0765,0
vol0766,0
vol0767,0
vol0768,0
vol0769,0
vol0770,0
vol0771,0
vol0772,0
vol0773,0
vol0774,0
vol0775,0
vol0776,0
vol0777,0
vol0778,0
vol0779,0
vol0780,0
vol0781,0
vol0782,0
vol0783,0
vol0784,0
vol0785,0
vol0786,0
vol0787,0
vol0788,0
vol0789,0
vol0790,0
vol0791,0
vol0792,0
vol0793,0
vol0794,0
vol0795,0
vol0796,0
vol0797,0
vol0798,0
vol0799,0
vol0800,0
vol0801,0
vol0802,0
vol0803,0
vol0804,0
vol0805,0
vol0806,0
vol0807,0
vol0808,0
vol0809,0
vol0810,0
vol0811,0
vol0812,0
vol0813,0
vol0814,0
vol0815,0
vol0816,0
vol0817,0
vol0818,0
vol0819,0
vol0820,0
vol0821,0
vol0822,0
vol0823,0
vol0824,0
vol0825,0
vol0826,0
vol0827,0
vol0828,0
vol0829,0
vol0830,0
vol0831,0
vol0832,0
vol0833,0
vol0834,0
vol0835,0
vol0836,0
vol0837,0
vol0838,0
vol0839,0
vol0840,0
vol0841,0
vol0842,0
vol0843,0
vol0844,0
vol0845,0
vol0846,0
vol0847,0
vol0848,0
vol0849,0
vol0850,0
vol0851,0
vol0852,0
vol0853,0
vol0854,0
vol0855,0
vol0856,0
vol0857,0
vol0858,0
vol0859,0
vol0860,0
vol0861,0
vol0862,0
vol0863,0
vol0864,0
vol0865,0
vol0866,0
vol0867,0
vol0868,0
vol0869,0
vol0870,0
vol0871,0
vol0872,0
vol0873,0
vol0874,0
vol0875,0
vol0876,0
vol0877,0
vol0878,0
vol0879,0
vol0880,0
vol0881,0
vol0882,0
vol0883,0
vol0884,0
vol0885,0
vol0886,0
vol0887,0
vol0888,0
vol0889,0
vol0890,0
vol0891,0
vol0892,0
vol0893,0
vol0894,0
vol0895,0
vol0896,0
vol0897,0
vol0898,0
vol0899,0
vol0900,0
vol0901,0
vol0902,0
vol0903,0
vol0904,0
vol0905,0
vol0906,0
vol0907,0
vol0908,0
vol0909,0
vol0910,0
vol0911,0
vol0912,0
vol0913,0
vol0914,0
vol0915,0
vol0916,0
vol0917,0
vol0918,0
vol0919,0
vol0920,0
vol0921,0
vol0922,0
vol0923,0
vol0924,0
vol0925,0
vol0926,0
vol0927,0
vol0928,0
vol0929,0
vol0930,0
vol0931,0
vol0932,0
vol0933,0
vol0934,0
vol0935,0
vol0936,0
vol0937,0
vol0938,0
vol0939,0
vol0940,0
vol0941,0
vol0942,0
vol0943,0
vol0944,0
vol0945,0
vol0946,0
vol0947,0
vol0948,0
vol0949,0
vol0950,0
vol0951,0
vol0952,0
vol0953,0
vol0954,0
vol0955,0
vol0956,0
vol0957,0
vol0958,0
vol0959,0
vol0960,0
vol0961,0
vol0962,0
vol0963,0
vol0964,0
vol0965,0
vol0966,0
vol0967,0
vol0968,0
vol0969,0
vol0970,0
vol0971,0
vol0972,0
vol0973,0
vol0974,0
vol0975,0
vol0976,0
vol0977,0
vol0978,0
vol0979,0
vol0980,0
vol0981,0
vol0982,0
vol0983,0
vol0984,0
vol0985,0
vol0986,0
vol0987,0
vol0988,0
vol0989,0
vol0990,0
vol0991,0
vol0992,0
vol0993,0
vol0994,0
vol0995,0
vol0996,0
vol0997,0
vol0998,0
vol0999,0
vol1000,0
vol1001,0
vol1002,0
vol1003,0
vol1004,0
vol1005,0
vol1006,0
vol1007,0
vol1008,0
vol1009,0
vol1010,0
vol1011,0
vol1012,0
vol1013,0
vol1014,0
vol1015,0
vol1016,0
vol1017,0
vol1018,0
vol1019,0
vol1020,0
vol1021,0
vol1022,0
vol1023,0
vol1024,0
vol1025,0
vol1026,0
vol1027,0
vol1028,0
vol1029,0
vol1030,0
vol1031,0
vol1032,0
vol1033,0
vol1034,0
vol1035,0
vol1036,0
vol1037,0
vol1038,0
vol1039,0
vol1040,0
vol1041,0
vol1042,0
vol1043,0
vol1044,0
vol1045,0
vol1046,0
vol1047,0
vol1048,0
vol1049,0
vol1050,0
vol1051,0
vol1052,0
vol1053,0
vol1054,0
vol1055,0
vol1056,0
vol1057,0
vol1058,0
vol1059,0
vol1060,0
vol1061,0
vol1062,0
vol1063,0
vol1064,0
vol1065,0
vol1066,0
vol1067,0
vol1068,0
vol1069,0
vol1070,0
vol1071,0
vol1072,0
vol1073,0
